algorithm,total-files,data-gb-size,k,num-top,TQ:Q,recall
kashif,100000,1,1000,10,TQ4Q0,0.9997090909090909
kashif,100000,1,1000,10,TQ70Q0,0.9945714285714286
