{"id": 0, "ncols": 1, "cols": [[[0.0060900417156517506, 0.18451423943042755, -0.1291675567626953, -0.10810259729623795, 0.009889512322843075, -0.06621897220611572, -0.1791401207447052, -0.008917839266359806, -0.04336511343717575, -0.05859669670462608, -0.01486047264188528, 0.0013911392306908965, -0.12816940248012543, -0.035846542567014694, 0.007505236659198999, 0.13794909417629242, 0.01463324949145317, -0.025727953761816025, -0.29515016078948975, 0.06263746321201324, 0.47287359833717346, 0.1621788889169693, -0.029574278742074966, 0.1588214635848999, -0.12621939182281494, -0.2582980692386627, 0.024424241855740547, 0.018757537007331848, -0.1381676197052002, 0.1247897520661354, 0.4744291603565216, -0.0368928462266922, 0.1421324610710144, -0.09013024717569351, 0.07358939200639725, -0.11579708755016327, 0.11760080605745316, -0.036833588033914566, -0.01764826849102974, -0.04161510244011879, 0.1142563447356224, -0.040681760758161545, 0.047852180898189545, -0.07290975749492645, 0.0880950540304184, 0.10691925138235092, -0.10317292809486389, -0.1159081980586052, 0.11257299780845642, -0.05736706033349037], [-0.006612563505768776, 0.12679612636566162, -0.09912632405757904, -0.08208337426185608, -0.06674103438854218, -0.05296340212225914, -0.23264916241168976, 0.09362847357988358, -0.07797940075397491, 0.020908139646053314, 0.06207989528775215, 0.028145423159003258, -0.26842787861824036, -0.2908114492893219, -0.035963162779808044, 0.018767045810818672, 0.16453561186790466, -0.008008380420506, -0.3033718764781952, 0.08593691885471344, 0.008834028616547585, 0.056657757610082626, -0.11372514069080353, 0.18855181336402893, -0.09357994049787521, -0.2269028127193451, 0.2569546401500702, 0.053118713200092316, -0.1162935122847557, -0.030090637505054474, 0.34070366621017456, 0.1751410961151123, 0.12357545644044876, -0.09529607743024826, 0.07135169208049774, 0.024369534105062485, 0.14948058128356934, 0.11491129547357559, -0.021940927952528, -0.17244651913642883, 0.27945464849472046, -0.012953533791005611, -0.1358271986246109, -0.046855974942445755, -0.09380513429641724, 0.15794283151626587, -0.08974774926900864, -0.020118016749620438, 0.10950856655836105, -0.1010870635509491]]]}