{"id": 0, "ncols": 1, "cols": [[[0.09674662561155856, -0.08266116864979267, 0.05172339081764221, -0.08275361731648445, -0.02080323512200266, -0.10487427189946175, 0.0418383963406086, -0.11447551473975182, 0.06287532858550549, -0.06948139145970345, -0.11468168767169118, -0.06423724070191383, 0.14367440342903137, 0.04260775446891785, 0.04486613720655441, -0.1750354766845703, -0.05421292595565319, 0.3037322908639908, -0.08659526333212852, 0.08259779121726751, -0.03795175813138485, -0.06369516253471375, 0.024593863636255264, 0.08900633081793785, 0.05032214249513345, 0.016008175909519196, -0.08549505099654198, -0.002824358642101288, -0.03328195959329605, -0.06881579011678696, 0.1329013668000698, 0.015533407218754292, 0.052612852305173874, 0.31450220942497253, 0.05338055640459061, 0.11709329299628735, 0.029536745510995388, -0.09165665227919817, 0.026126905344426632, 0.11834219843149185, -0.09854329749941826, 0.01484083360992372, 0.06706112623214722, 0.08776431530714035, -0.0805652430281043, 0.012730274349451065, 0.02211342193186283, -0.10271120071411133, -0.007155615836381912, -0.0817096158862114], [0.010854891190926233, -0.021650361518065136, -0.015073170264561972, 0.036157356264690556, 0.09869968270262082, -0.12778725723425546, -0.07158046588301659, 0.03502402144173781, 0.006048291921615601, -0.15432866786917052, -0.0035370799402395883, -0.06692183017730713, -0.08199394991000493, -0.04311814407507578, -0.06561320399244626, 0.08471493671337764, -0.042647757257024445, -0.0447555718322595, -0.22382505734761557, -0.009195308821896711, 0.2060224451124668, 0.017668033639589947, -0.03730667211736242, 0.0013202130794525146, -0.10015243850648403, -0.13619334002335867, -0.06960975130399068, -0.08769187952081363, -0.15407372762759527, 0.058316268026828766, 0.4029318739970525, -0.009268855055173239, 0.01877304771915078, 0.07264472171664238, 0.10149544104933739, -0.12091915806134541, 0.09175723077108462, -0.014455554385979971, 0.09506525844335556, -0.04869827628135681, 0.01908867775152127, -0.06876778478423755, -0.016468751321857173, -0.03264986723661423, -0.028897617012262344, 0.14587226261695227, 0.02042393386363983, -0.06905486683050792, 0.011615573739012083, -0.010385203485687574], [0.051179773174226284, 0.12128197401762009, -0.0189867801964283, 0.013551587704569101, -0.03627508878707886, -0.015991901513189077, -0.12792397662997246, -0.03252932708710432, 0.05383960272592958, -0.16305389255285263, -0.08283300511538982, -0.0703597366809845, -0.1598639003932476, -0.10639894381165504, -0.08619520021602511, 0.035056142951361835, 0.07866973616182804, 0.02139255963265896, -0.13294588774442673, -0.00999622605741024, 0.026458052336238325, -0.025934412144124508, -0.06934968382120132, 0.05257336609065533, 0.040080608800053596, -0.2906266078352928, -0.03406792879104614, 0.08054411225020885, 0.03464556857943535, -0.09457412920892239, 0.6638686954975128, -0.02807565964758396, -0.02929055131971836, -0.025120410602539778, 0.08654676306105102, -0.0017713296110741794, 0.07242326624691486, -0.029792362824082375, -0.04467269638553262, 0.047156933695077896, -0.083339162170887, -0.08149578608572483, -0.04015908483415842, -0.030198788736015558, -0.08338218927383423, 0.0379565991461277, 0.02068634788156487, -0.13532804511487484, 0.0677706291899085, -0.13561112061142921], [0.08779513090848923, 0.05590343102812767, 0.2960723340511322, -0.11154040694236755, 0.025600114837288857, -0.06878404319286346, 0.08044393360614777, -0.1000230461359024, 0.019989943131804466, 0.02113858051598072, -0.13599829375743866, -0.2733308970928192, 0.11177381873130798, -0.06894928961992264, 0.05084909126162529, -0.16913549602031708, 0.021014651283621788, 0.1513410061597824, -0.2359655648469925, -0.07672185450792313, 0.05130557343363762, 0.04515857249498367, 0.12981204688549042, -0.05473640561103821, -0.07933061569929123, -0.024470273405313492, 0.11138755828142166, -0.06720391660928726, -0.10333408415317535, -0.04292780160903931, 0.5836140513420105, 0.049587056040763855, 0.06712749600410461, 0.14522291719913483, 0.14128603041172028, -0.05410229042172432, 0.14347755908966064, -0.01390573289245367, 0.04930201545357704, 0.10519511252641678, -0.02642219513654709, 0.043832503259181976, 0.27742063999176025, -0.0016902603674679995, -0.19402094185352325, 0.09497902542352676, -0.1021980419754982, 0.016978202387690544, -0.12164908647537231, -0.036607299000024796]]]}